Bahagian,tarikh,jumlahKesPositif,kesPositifBaru,jumlahKesPositif,kesPUIbaru,jumlahKesPUI,Kes (PUI) Negatif,Kes (PUI) Pending,jumlahKesKematian,jumlahSembuhDiscaj,Kes sedang dirawat di hospital (SGH KUCHING),Kes sedang dirawat di hospital (HOSPITAL SIBU),Kes sedang dirawat di hospital (HOSPITAL BINTULU),Kes sedang dirawat di hospital (HOSPITAL MIRI),Kes sedang dirawat di hospital (HOSPITAL SUNGAI BULUH),Kes di Intensive Care Unit/ICU (SGH KUCHING),Kes di Intensive Care Unit/ICU (HOSPITAL SIBU),Kes di Intensive Care Unit/ICU (HOSPITAL BINTULU),Kes di Intensive Care Unit/ICU (HOSPITAL MIRI),Kes di Intensive Care Unit/ICU (HOSPITAL SUNGAI BULUH),Kes yang memerlukan bantuan pernafasan (SGH KUCHING),Kes yang memerlukan bantuan pernafasan (HOSPITAL SIBU),Kes yang memerlukan bantuan pernafasan (HOSPITAL BINTULU),Kes yang memerlukan bantuan pernafasan (HOSPITAL MIRI),Kes yang memerlukan bantuan pernafasan (HOSPITAL SUNGAI BULUH),Jumlah kes kematian (SGH KUCHING),Jumlah kes kematian (HOSPITAL SIBU),Jumlah kes kematian (HOSPITAL BINTULU),Jumlah kes kematian (HOSPITAL MIRI),Jumlah kes kematian (HOSPITAL SUNGAI BULUH),Kes telah sembuh dan discaj baru (SGH KUCHING),Kes telah sembuh dan discaj baru (HOSPITAL SIBU),Kes telah sembuh dan discaj baru (HOSPITAL BINTULU),Kes telah sembuh dan discaj baru (HOSPITAL MIRI),Kes telah sembuh dan discaj baru (HOSPITAL SUNGAI BULUH),Kes telah sembuh dan discaj kumulatif (SGH KUCHING),Kes telah sembuh dan discaj kumulatif (HOSPITAL SIBU),Kes telah sembuh dan discaj kumulatif (HOSPITAL BINTULU),Kes telah sembuh dan discaj kumulatif (HOSPITAL MIRI),Kes telah sembuh dan discaj kumulatif (HOSPITAL SUNGAI BULUH),Kumulatif kemasukan semula ke hospital (SGH HOSPITAL),Kumulatif kemasukan semula ke hospital (HOSPITAL SIBU),Kumulatif kemasukan semula ke hospital (HOSPITAL BINTULU),Kumulatif kemasukan semula ke hospital (HOSPITAL MIRI),Kumulatif kemasukan semula ke hospital (HOSPITAL SUNGAI BULUH)
Kuching,1/11/2020,576,11,892,13,10114,9219,3,19,753,98,2,3,17,0,0,0,0,0,0,0,0,0,0,0,17,0,0,2,0,5,0,0,0,0,623,39,46,43,2,9,9,3,1,0
Samarahan,1/11/2020,127,11,892,13,10114,9219,3,19,753,98,2,3,17,0,0,0,0,0,0,0,0,0,0,0,17,0,0,2,0,5,0,0,0,0,623,39,46,43,2,9,9,3,1,0
Serian,1/11/2020,28,11,892,13,10114,9219,3,19,753,98,2,3,17,0,0,0,0,0,0,0,0,0,0,0,17,0,0,2,0,5,0,0,0,0,623,39,46,43,2,9,9,3,1,0
Sri Aman,1/11/2020,7,11,892,13,10114,9219,3,19,753,98,2,3,17,0,0,0,0,0,0,0,0,0,0,0,17,0,0,2,0,5,0,0,0,0,623,39,46,43,2,9,9,3,1,0
Betong,1/11/2020,16,11,892,13,10114,9219,3,19,753,98,2,3,17,0,0,0,0,0,0,0,0,0,0,0,17,0,0,2,0,5,0,0,0,0,623,39,46,43,2,9,9,3,1,0
Sarikei,1/11/2020,6,11,892,13,10114,9219,3,19,753,98,2,3,17,0,0,0,0,0,0,0,0,0,0,0,17,0,0,2,0,5,0,0,0,0,623,39,46,43,2,9,9,3,1,0
Sibu,1/11/2020,17,11,892,13,10114,9219,3,19,753,98,2,3,17,0,0,0,0,0,0,0,0,0,0,0,17,0,0,2,0,5,0,0,0,0,623,39,46,43,2,9,9,3,1,0
Kapit,1/11/2020,0,11,892,13,10114,9219,3,19,753,98,2,3,17,0,0,0,0,0,0,0,0,0,0,0,17,0,0,2,0,5,0,0,0,0,623,39,46,43,2,9,9,3,1,0
Mukah,1/11/2020,4,11,892,13,10114,9219,3,19,753,98,2,3,17,0,0,0,0,0,0,0,0,0,0,0,17,0,0,2,0,5,0,0,0,0,623,39,46,43,2,9,9,3,1,0
Bintulu,1/11/2020,49,11,892,13,10114,9219,3,19,753,98,2,3,17,0,0,0,0,0,0,0,0,0,0,0,17,0,0,2,0,5,0,0,0,0,623,39,46,43,2,9,9,3,1,0
Miri,1/11/2020,47,11,892,13,10114,9219,3,19,753,98,2,3,17,0,0,0,0,0,0,0,0,0,0,0,17,0,0,2,0,5,0,0,0,0,623,39,46,43,2,9,9,3,1,0
Limbang,1/11/2020,15,11,892,13,10114,9219,3,19,753,98,2,3,17,0,0,0,0,0,0,0,0,0,0,0,17,0,0,2,0,5,0,0,0,0,623,39,46,43,2,9,9,3,1,0
Kuching,2/11/2020,590,14,906,26,10140,9232,2,19,761,104,2,3,17,0,0,0,0,0,0,0,0,0,0,0,17,0,0,2,0,8,0,0,0,0,631,39,46,43,2,9,9,3,1,0
Samarahan,2/11/2020,127,14,906,26,10140,9232,2,19,761,104,2,3,17,0,0,0,0,0,0,0,0,0,0,0,17,0,0,2,0,8,0,0,0,0,631,39,46,43,2,9,9,3,1,0
Serian,2/11/2020,28,14,906,26,10140,9232,2,19,761,104,2,3,17,0,0,0,0,0,0,0,0,0,0,0,17,0,0,2,0,8,0,0,0,0,631,39,46,43,2,9,9,3,1,0
Sri Aman,2/11/2020,7,14,906,26,10140,9232,2,19,761,104,2,3,17,0,0,0,0,0,0,0,0,0,0,0,17,0,0,2,0,8,0,0,0,0,631,39,46,43,2,9,9,3,1,0
Betong,2/11/2020,16,14,906,26,10140,9232,2,19,761,104,2,3,17,0,0,0,0,0,0,0,0,0,0,0,17,0,0,2,0,8,0,0,0,0,631,39,46,43,2,9,9,3,1,0
Sarikei,2/11/2020,6,14,906,26,10140,9232,2,19,761,104,2,3,17,0,0,0,0,0,0,0,0,0,0,0,17,0,0,2,0,8,0,0,0,0,631,39,46,43,2,9,9,3,1,0
Sibu,2/11/2020,17,14,906,26,10140,9232,2,19,761,104,2,3,17,0,0,0,0,0,0,0,0,0,0,0,17,0,0,2,0,8,0,0,0,0,631,39,46,43,2,9,9,3,1,0
Kapit,2/11/2020,0,14,906,26,10140,9232,2,19,761,104,2,3,17,0,0,0,0,0,0,0,0,0,0,0,17,0,0,2,0,8,0,0,0,0,631,39,46,43,2,9,9,3,1,0
Mukah,2/11/2020,4,14,906,26,10140,9232,2,19,761,104,2,3,17,0,0,0,0,0,0,0,0,0,0,0,17,0,0,2,0,8,0,0,0,0,631,39,46,43,2,9,9,3,1,0
Bintulu,2/11/2020,49,14,906,26,10140,9232,2,19,761,104,2,3,17,0,0,0,0,0,0,0,0,0,0,0,17,0,0,2,0,8,0,0,0,0,631,39,46,43,2,9,9,3,1,0
Miri,2/11/2020,47,14,906,26,10140,9232,2,19,761,104,2,3,17,0,0,0,0,0,0,0,0,0,0,0,17,0,0,2,0,8,0,0,0,0,631,39,46,43,2,9,9,3,1,0
Limbang,2/11/2020,15,14,906,26,10140,9232,2,19,761,104,2,3,17,0,0,0,0,0,0,0,0,0,0,0,17,0,0,2,0,8,0,0,0,0,631,39,46,43,2,9,9,3,1,0
Kuching,3/11/2020,605,21,927,66,10206,9271,8,19,763,117,2,3,23,0,0,0,0,0,0,0,0,0,0,0,17,0,0,2,0,2,0,0,0,0,633,39,46,43,2,9,9,3,1,0
Samarahan,3/11/2020,127,21,927,66,10206,9271,8,19,763,117,2,3,23,0,0,0,0,0,0,0,0,0,0,0,17,0,0,2,0,2,0,0,0,0,633,39,46,43,2,9,9,3,1,0
Serian,3/11/2020,28,21,927,66,10206,9271,8,19,763,117,2,3,23,0,0,0,0,0,0,0,0,0,0,0,17,0,0,2,0,2,0,0,0,0,633,39,46,43,2,9,9,3,1,0
Sri Aman,3/11/2020,7,21,927,66,10206,9271,8,19,763,117,2,3,23,0,0,0,0,0,0,0,0,0,0,0,17,0,0,2,0,2,0,0,0,0,633,39,46,43,2,9,9,3,1,0
Betong,3/11/2020,16,21,927,66,10206,9271,8,19,763,117,2,3,23,0,0,0,0,0,0,0,0,0,0,0,17,0,0,2,0,2,0,0,0,0,633,39,46,43,2,9,9,3,1,0
Sarikei,3/11/2020,6,21,927,66,10206,9271,8,19,763,117,2,3,23,0,0,0,0,0,0,0,0,0,0,0,17,0,0,2,0,2,0,0,0,0,633,39,46,43,2,9,9,3,1,0
Sibu,3/11/2020,17,21,927,66,10206,9271,8,19,763,117,2,3,23,0,0,0,0,0,0,0,0,0,0,0,17,0,0,2,0,2,0,0,0,0,633,39,46,43,2,9,9,3,1,0
Kapit,3/11/2020,0,21,927,66,10206,9271,8,19,763,117,2,3,23,0,0,0,0,0,0,0,0,0,0,0,17,0,0,2,0,2,0,0,0,0,633,39,46,43,2,9,9,3,1,0
Mukah,3/11/2020,4,21,927,66,10206,9271,8,19,763,117,2,3,23,0,0,0,0,0,0,0,0,0,0,0,17,0,0,2,0,2,0,0,0,0,633,39,46,43,2,9,9,3,1,0
Bintulu,3/11/2020,49,21,927,66,10206,9271,8,19,763,117,2,3,23,0,0,0,0,0,0,0,0,0,0,0,17,0,0,2,0,2,0,0,0,0,633,39,46,43,2,9,9,3,1,0
Miri,3/11/2020,50,21,927,66,10206,9271,8,19,763,117,2,3,23,0,0,0,0,0,0,0,0,0,0,0,17,0,0,2,0,2,0,0,0,0,633,39,46,43,2,9,9,3,1,0
Limbang,3/11/2020,18,21,927,66,10206,9271,8,19,763,117,2,3,23,0,0,0,0,0,0,0,0,0,0,0,17,0,0,2,0,2,0,0,0,0,633,39,46,43,2,9,9,3,1,0
Kuching,4/11/2020,613,9,936,14,10223,9282,5,19,777,112,2,3,23,0,0,0,0,0,0,0,0,0,0,0,17,0,0,2,0,14,0,0,0,0,647,39,46,43,2,9,9,3,1,0
Samarahan,4/11/2020,127,9,936,14,10223,9282,5,19,777,112,2,3,23,0,0,0,0,0,0,0,0,0,0,0,17,0,0,2,0,14,0,0,0,0,647,39,46,43,2,9,9,3,1,0
Serian,4/11/2020,28,9,936,14,10223,9282,5,19,777,112,2,3,23,0,0,0,0,0,0,0,0,0,0,0,17,0,0,2,0,14,0,0,0,0,647,39,46,43,2,9,9,3,1,0
Sri Aman,4/11/2020,7,9,936,14,10223,9282,5,19,777,112,2,3,23,0,0,0,0,0,0,0,0,0,0,0,17,0,0,2,0,14,0,0,0,0,647,39,46,43,2,9,9,3,1,0
Betong,4/11/2020,16,9,936,14,10223,9282,5,19,777,112,2,3,23,0,0,0,0,0,0,0,0,0,0,0,17,0,0,2,0,14,0,0,0,0,647,39,46,43,2,9,9,3,1,0
Sarikei,4/11/2020,6,9,936,14,10223,9282,5,19,777,112,2,3,23,0,0,0,0,0,0,0,0,0,0,0,17,0,0,2,0,14,0,0,0,0,647,39,46,43,2,9,9,3,1,0
Sibu,4/11/2020,17,9,936,14,10223,9282,5,19,777,112,2,3,23,0,0,0,0,0,0,0,0,0,0,0,17,0,0,2,0,14,0,0,0,0,647,39,46,43,2,9,9,3,1,0
Kapit,4/11/2020,0,9,936,14,10223,9282,5,19,777,112,2,3,23,0,0,0,0,0,0,0,0,0,0,0,17,0,0,2,0,14,0,0,0,0,647,39,46,43,2,9,9,3,1,0
Mukah,4/11/2020,4,9,936,14,10223,9282,5,19,777,112,2,3,23,0,0,0,0,0,0,0,0,0,0,0,17,0,0,2,0,14,0,0,0,0,647,39,46,43,2,9,9,3,1,0
Bintulu,4/11/2020,49,9,936,14,10223,9282,5,19,777,112,2,3,23,0,0,0,0,0,0,0,0,0,0,0,17,0,0,2,0,14,0,0,0,0,647,39,46,43,2,9,9,3,1,0
Miri,4/11/2020,51,9,936,14,10223,9282,5,19,777,112,2,3,23,0,0,0,0,0,0,0,0,0,0,0,17,0,0,2,0,14,0,0,0,0,647,39,46,43,2,9,9,3,1,0
Limbang,4/11/2020,18,9,936,14,10223,9282,5,19,777,112,2,3,23,0,0,0,0,0,0,0,0,0,0,0,17,0,0,2,0,14,0,0,0,0,647,39,46,43,2,9,9,3,1,0
Kuching,5/11/2020,619,6,942,21,10244,9299,3,19,789,107,2,2,23,0,0,0,0,0,0,0,0,0,0,0,17,0,0,2,0,11,0,1,0,0,658,39,47,43,2,9,9,3,1,0
Samarahan,5/11/2020,127,6,942,21,10244,9299,3,19,789,107,2,2,23,0,0,0,0,0,0,0,0,0,0,0,17,0,0,2,0,11,0,1,0,0,658,39,47,43,2,9,9,3,1,0
Serian,5/11/2020,28,6,942,21,10244,9299,3,19,789,107,2,2,23,0,0,0,0,0,0,0,0,0,0,0,17,0,0,2,0,11,0,1,0,0,658,39,47,43,2,9,9,3,1,0
Sri Aman,5/11/2020,7,6,942,21,10244,9299,3,19,789,107,2,2,23,0,0,0,0,0,0,0,0,0,0,0,17,0,0,2,0,11,0,1,0,0,658,39,47,43,2,9,9,3,1,0
Betong,5/11/2020,16,6,942,21,10244,9299,3,19,789,107,2,2,23,0,0,0,0,0,0,0,0,0,0,0,17,0,0,2,0,11,0,1,0,0,658,39,47,43,2,9,9,3,1,0
Sarikei,5/11/2020,6,6,942,21,10244,9299,3,19,789,107,2,2,23,0,0,0,0,0,0,0,0,0,0,0,17,0,0,2,0,11,0,1,0,0,658,39,47,43,2,9,9,3,1,0
Sibu,5/11/2020,17,6,942,21,10244,9299,3,19,789,107,2,2,23,0,0,0,0,0,0,0,0,0,0,0,17,0,0,2,0,11,0,1,0,0,658,39,47,43,2,9,9,3,1,0
Kapit,5/11/2020,0,6,942,21,10244,9299,3,19,789,107,2,2,23,0,0,0,0,0,0,0,0,0,0,0,17,0,0,2,0,11,0,1,0,0,658,39,47,43,2,9,9,3,1,0
Mukah,5/11/2020,4,6,942,21,10244,9299,3,19,789,107,2,2,23,0,0,0,0,0,0,0,0,0,0,0,17,0,0,2,0,11,0,1,0,0,658,39,47,43,2,9,9,3,1,0
Bintulu,5/11/2020,49,6,942,21,10244,9299,3,19,789,107,2,2,23,0,0,0,0,0,0,0,0,0,0,0,17,0,0,2,0,11,0,1,0,0,658,39,47,43,2,9,9,3,1,0
Miri,5/11/2020,51,6,942,21,10244,9299,3,19,789,107,2,2,23,0,0,0,0,0,0,0,0,0,0,0,17,0,0,2,0,11,0,1,0,0,658,39,47,43,2,9,9,3,1,0
Limbang,5/11/2020,18,6,942,21,10244,9299,3,19,789,107,2,2,23,0,0,0,0,0,0,0,0,0,0,0,17,0,0,2,0,11,0,1,0,0,658,39,47,43,2,9,9,3,1,0
Kuching,6/11/2020,634,18,960,29,10273,9312,1,19,807,105,2,2,25,0,0,0,0,0,0,0,0,0,0,0,17,0,0,2,0,18,0,0,2,0,676,39,47,43,2,9,9,3,1,0
Samarahan,6/11/2020,128,18,960,29,10273,9312,1,19,807,105,2,2,25,0,0,0,0,0,0,0,0,0,0,0,17,0,0,2,0,18,0,0,2,0,676,39,47,43,2,9,9,3,1,0
Serian,6/11/2020,28,18,960,29,10273,9312,1,19,807,105,2,2,25,0,0,0,0,0,0,0,0,0,0,0,17,0,0,2,0,18,0,0,2,0,676,39,47,43,2,9,9,3,1,0
Sri Aman,6/11/2020,7,18,960,29,10273,9312,1,19,807,105,2,2,25,0,0,0,0,0,0,0,0,0,0,0,17,0,0,2,0,18,0,0,2,0,676,39,47,43,2,9,9,3,1,0
Betong,6/11/2020,16,18,960,29,10273,9312,1,19,807,105,2,2,25,0,0,0,0,0,0,0,0,0,0,0,17,0,0,2,0,18,0,0,2,0,676,39,47,43,2,9,9,3,1,0
Sarikei,6/11/2020,6,18,960,29,10273,9312,1,19,807,105,2,2,25,0,0,0,0,0,0,0,0,0,0,0,17,0,0,2,0,18,0,0,2,0,676,39,47,43,2,9,9,3,1,0
Sibu,6/11/2020,17,18,960,29,10273,9312,1,19,807,105,2,2,25,0,0,0,0,0,0,0,0,0,0,0,17,0,0,2,0,18,0,0,2,0,676,39,47,43,2,9,9,3,1,0
Kapit,6/11/2020,0,18,960,29,10273,9312,1,19,807,105,2,2,25,0,0,0,0,0,0,0,0,0,0,0,17,0,0,2,0,18,0,0,2,0,676,39,47,43,2,9,9,3,1,0
Mukah,6/11/2020,4,18,960,29,10273,9312,1,19,807,105,2,2,25,0,0,0,0,0,0,0,0,0,0,0,17,0,0,2,0,18,0,0,2,0,676,39,47,43,2,9,9,3,1,0
Bintulu,6/11/2020,49,18,960,29,10273,9312,1,19,807,105,2,2,25,0,0,0,0,0,0,0,0,0,0,0,17,0,0,2,0,18,0,0,2,0,676,39,47,43,2,9,9,3,1,0
Miri,6/11/2020,53,18,960,29,10273,9312,1,19,807,105,2,2,25,0,0,0,0,0,0,0,0,0,0,0,17,0,0,2,0,18,0,0,2,0,676,39,47,43,2,9,9,3,1,0
Limbang,6/11/2020,18,18,960,29,10273,9312,1,19,807,105,2,2,25,0,0,0,0,0,0,0,0,0,0,0,17,0,0,2,0,18,0,0,2,0,676,39,47,43,2,9,9,3,1,0
Kuching,7/11/2020,659,25,985,47,10320,9329,6,19,812,125,2,2,25,0,0,0,0,0,0,0,0,0,0,0,17,0,0,2,0,5,0,0,0,0,681,39,47,43,2,9,9,3,1,0
Samarahan,7/11/2020,128,25,985,47,10320,9329,6,19,812,125,2,2,25,0,0,0,0,0,0,0,0,0,0,0,17,0,0,2,0,5,0,0,0,0,681,39,47,43,2,9,9,3,1,0
Serian,7/11/2020,28,25,985,47,10320,9329,6,19,812,125,2,2,25,0,0,0,0,0,0,0,0,0,0,0,17,0,0,2,0,5,0,0,0,0,681,39,47,43,2,9,9,3,1,0
Sri Aman,7/11/2020,7,25,985,47,10320,9329,6,19,812,125,2,2,25,0,0,0,0,0,0,0,0,0,0,0,17,0,0,2,0,5,0,0,0,0,681,39,47,43,2,9,9,3,1,0
Betong,7/11/2020,16,25,985,47,10320,9329,6,19,812,125,2,2,25,0,0,0,0,0,0,0,0,0,0,0,17,0,0,2,0,5,0,0,0,0,681,39,47,43,2,9,9,3,1,0
Sarikei,7/11/2020,6,25,985,47,10320,9329,6,19,812,125,2,2,25,0,0,0,0,0,0,0,0,0,0,0,17,0,0,2,0,5,0,0,0,0,681,39,47,43,2,9,9,3,1,0
Sibu,7/11/2020,17,25,985,47,10320,9329,6,19,812,125,2,2,25,0,0,0,0,0,0,0,0,0,0,0,17,0,0,2,0,5,0,0,0,0,681,39,47,43,2,9,9,3,1,0
Kapit,7/11/2020,0,25,985,47,10320,9329,6,19,812,125,2,2,25,0,0,0,0,0,0,0,0,0,0,0,17,0,0,2,0,5,0,0,0,0,681,39,47,43,2,9,9,3,1,0
Mukah,7/11/2020,4,25,985,47,10320,9329,6,19,812,125,2,2,25,0,0,0,0,0,0,0,0,0,0,0,17,0,0,2,0,5,0,0,0,0,681,39,47,43,2,9,9,3,1,0
Bintulu,7/11/2020,49,25,985,47,10320,9329,6,19,812,125,2,2,25,0,0,0,0,0,0,0,0,0,0,0,17,0,0,2,0,5,0,0,0,0,681,39,47,43,2,9,9,3,1,0
Miri,7/11/2020,53,25,985,47,10320,9329,6,19,812,125,2,2,25,0,0,0,0,0,0,0,0,0,0,0,17,0,0,2,0,5,0,0,0,0,681,39,47,43,2,9,9,3,1,0
Limbang,7/11/2020,18,25,985,47,10320,9329,6,19,812,125,2,2,25,0,0,0,0,0,0,0,0,0,0,0,17,0,0,2,0,5,0,0,0,0,681,39,47,43,2,9,9,3,1,0
Kuching,8/11/2020,660,2,987,3,10323,9335,1,19,819,119,2,2,26,0,0,0,0,0,0,0,0,0,0,0,17,0,0,2,0,7,0,0,0,0,688,39,47,43,2,9,9,3,1,0
Samarahan,8/11/2020,128,2,987,3,10323,9335,1,19,819,119,2,2,26,0,0,0,0,0,0,0,0,0,0,0,17,0,0,2,0,7,0,0,0,0,688,39,47,43,2,9,9,3,1,0
Serian,8/11/2020,28,2,987,3,10323,9335,1,19,819,119,2,2,26,0,0,0,0,0,0,0,0,0,0,0,17,0,0,2,0,7,0,0,0,0,688,39,47,43,2,9,9,3,1,0
Sri Aman,8/11/2020,7,2,987,3,10323,9335,1,19,819,119,2,2,26,0,0,0,0,0,0,0,0,0,0,0,17,0,0,2,0,7,0,0,0,0,688,39,47,43,2,9,9,3,1,0
Betong,8/11/2020,16,2,987,3,10323,9335,1,19,819,119,2,2,26,0,0,0,0,0,0,0,0,0,0,0,17,0,0,2,0,7,0,0,0,0,688,39,47,43,2,9,9,3,1,0
Sarikei,8/11/2020,6,2,987,3,10323,9335,1,19,819,119,2,2,26,0,0,0,0,0,0,0,0,0,0,0,17,0,0,2,0,7,0,0,0,0,688,39,47,43,2,9,9,3,1,0
Sibu,8/11/2020,17,2,987,3,10323,9335,1,19,819,119,2,2,26,0,0,0,0,0,0,0,0,0,0,0,17,0,0,2,0,7,0,0,0,0,688,39,47,43,2,9,9,3,1,0
Kapit,8/11/2020,0,2,987,3,10323,9335,1,19,819,119,2,2,26,0,0,0,0,0,0,0,0,0,0,0,17,0,0,2,0,7,0,0,0,0,688,39,47,43,2,9,9,3,1,0
Mukah,8/11/2020,4,2,987,3,10323,9335,1,19,819,119,2,2,26,0,0,0,0,0,0,0,0,0,0,0,17,0,0,2,0,7,0,0,0,0,688,39,47,43,2,9,9,3,1,0
Bintulu,8/11/2020,49,2,987,3,10323,9335,1,19,819,119,2,2,26,0,0,0,0,0,0,0,0,0,0,0,17,0,0,2,0,7,0,0,0,0,688,39,47,43,2,9,9,3,1,0
Miri,8/11/2020,54,2,987,3,10323,9335,1,19,819,119,2,2,26,0,0,0,0,0,0,0,0,0,0,0,17,0,0,2,0,7,0,0,0,0,688,39,47,43,2,9,9,3,1,0
Limbang,8/11/2020,18,2,987,3,10323,9335,1,19,819,119,2,2,26,0,0,0,0,0,0,0,0,0,0,0,17,0,0,2,0,7,0,0,0,0,688,39,47,43,2,9,9,3,1,0
Kuching,9/11/2020,664,4,991,39,10362,9354,17,19,828,114,2,2,26,0,0,0,0,0,0,0,0,0,0,0,17,0,0,2,0,9,0,0,0,0,697,39,47,43,2,9,9,3,1,0
Samarahan,9/11/2020,128,4,991,39,10362,9354,17,19,828,114,2,2,26,0,0,0,0,0,0,0,0,0,0,0,17,0,0,2,0,9,0,0,0,0,697,39,47,43,2,9,9,3,1,0
Serian,9/11/2020,28,4,991,39,10362,9354,17,19,828,114,2,2,26,0,0,0,0,0,0,0,0,0,0,0,17,0,0,2,0,9,0,0,0,0,697,39,47,43,2,9,9,3,1,0
Sri Aman,9/11/2020,7,4,991,39,10362,9354,17,19,828,114,2,2,26,0,0,0,0,0,0,0,0,0,0,0,17,0,0,2,0,9,0,0,0,0,697,39,47,43,2,9,9,3,1,0
Betong,9/11/2020,16,4,991,39,10362,9354,17,19,828,114,2,2,26,0,0,0,0,0,0,0,0,0,0,0,17,0,0,2,0,9,0,0,0,0,697,39,47,43,2,9,9,3,1,0
Sarikei,9/11/2020,6,4,991,39,10362,9354,17,19,828,114,2,2,26,0,0,0,0,0,0,0,0,0,0,0,17,0,0,2,0,9,0,0,0,0,697,39,47,43,2,9,9,3,1,0
Sibu,9/11/2020,17,4,991,39,10362,9354,17,19,828,114,2,2,26,0,0,0,0,0,0,0,0,0,0,0,17,0,0,2,0,9,0,0,0,0,697,39,47,43,2,9,9,3,1,0
Kapit,9/11/2020,0,4,991,39,10362,9354,17,19,828,114,2,2,26,0,0,0,0,0,0,0,0,0,0,0,17,0,0,2,0,9,0,0,0,0,697,39,47,43,2,9,9,3,1,0
Mukah,9/11/2020,4,4,991,39,10362,9354,17,19,828,114,2,2,26,0,0,0,0,0,0,0,0,0,0,0,17,0,0,2,0,9,0,0,0,0,697,39,47,43,2,9,9,3,1,0
Bintulu,9/11/2020,49,4,991,39,10362,9354,17,19,828,114,2,2,26,0,0,0,0,0,0,0,0,0,0,0,17,0,0,2,0,9,0,0,0,0,697,39,47,43,2,9,9,3,1,0
Miri,9/11/2020,54,4,991,39,10362,9354,17,19,828,114,2,2,26,0,0,0,0,0,0,0,0,0,0,0,17,0,0,2,0,9,0,0,0,0,697,39,47,43,2,9,9,3,1,0
Limbang,9/11/2020,18,4,991,39,10362,9354,17,19,828,114,2,2,26,0,0,0,0,0,0,0,0,0,0,0,17,0,0,2,0,9,0,0,0,0,697,39,47,43,2,9,9,3,1,0
Kuching,10/11/2020,669,6,997,17,10379,9380,2,19,840,107,2,2,27,0,0,0,0,0,0,0,0,0,0,0,17,0,0,2,0,12,0,0,0,0,709,39,47,43,2,9,9,3,1,0
Samarahan,10/11/2020,128,6,997,17,10379,9380,2,19,840,107,2,2,27,0,0,0,0,0,0,0,0,0,0,0,17,0,0,2,0,12,0,0,0,0,709,39,47,43,2,9,9,3,1,0
Serian,10/11/2020,28,6,997,17,10379,9380,2,19,840,107,2,2,27,0,0,0,0,0,0,0,0,0,0,0,17,0,0,2,0,12,0,0,0,0,709,39,47,43,2,9,9,3,1,0
Sri Aman,10/11/2020,7,6,997,17,10379,9380,2,19,840,107,2,2,27,0,0,0,0,0,0,0,0,0,0,0,17,0,0,2,0,12,0,0,0,0,709,39,47,43,2,9,9,3,1,0
Betong,10/11/2020,16,6,997,17,10379,9380,2,19,840,107,2,2,27,0,0,0,0,0,0,0,0,0,0,0,17,0,0,2,0,12,0,0,0,0,709,39,47,43,2,9,9,3,1,0
Sarikei,10/11/2020,6,6,997,17,10379,9380,2,19,840,107,2,2,27,0,0,0,0,0,0,0,0,0,0,0,17,0,0,2,0,12,0,0,0,0,709,39,47,43,2,9,9,3,1,0
Sibu,10/11/2020,17,6,997,17,10379,9380,2,19,840,107,2,2,27,0,0,0,0,0,0,0,0,0,0,0,17,0,0,2,0,12,0,0,0,0,709,39,47,43,2,9,9,3,1,0
Kapit,10/11/2020,0,6,997,17,10379,9380,2,19,840,107,2,2,27,0,0,0,0,0,0,0,0,0,0,0,17,0,0,2,0,12,0,0,0,0,709,39,47,43,2,9,9,3,1,0
Mukah,10/11/2020,4,6,997,17,10379,9380,2,19,840,107,2,2,27,0,0,0,0,0,0,0,0,0,0,0,17,0,0,2,0,12,0,0,0,0,709,39,47,43,2,9,9,3,1,0
Bintulu,10/11/2020,49,6,997,17,10379,9380,2,19,840,107,2,2,27,0,0,0,0,0,0,0,0,0,0,0,17,0,0,2,0,12,0,0,0,0,709,39,47,43,2,9,9,3,1,0
Miri,10/11/2020,54,6,997,17,10379,9380,2,19,840,107,2,2,27,0,0,0,0,0,0,0,0,0,0,0,17,0,0,2,0,12,0,0,0,0,709,39,47,43,2,9,9,3,1,0
Limbang,10/11/2020,19,6,997,17,10379,9380,2,19,840,107,2,2,27,0,0,0,0,0,0,0,0,0,0,0,17,0,0,2,0,12,0,0,0,0,709,39,47,43,2,9,9,3,1,0
Kuching,11/11/2020,683,14,1011,26,10405,9388,6,19,860,111,0,0,21,0,0,0,0,0,0,0,0,0,0,0,17,0,0,2,0,12,0,2,6,0,719,41,49,49,2,9,9,3,1,0
Samarahan,11/11/2020,128,14,1011,26,10405,9388,6,19,860,111,0,0,21,0,0,0,0,0,0,0,0,0,0,0,17,0,0,2,0,12,0,2,6,0,719,41,49,49,2,9,9,3,1,0
Serian,11/11/2020,28,14,1011,26,10405,9388,6,19,860,111,0,0,21,0,0,0,0,0,0,0,0,0,0,0,17,0,0,2,0,12,0,2,6,0,719,41,49,49,2,9,9,3,1,0
Sri Aman,11/11/2020,7,14,1011,26,10405,9388,6,19,860,111,0,0,21,0,0,0,0,0,0,0,0,0,0,0,17,0,0,2,0,12,0,2,6,0,719,41,49,49,2,9,9,3,1,0
Betong,11/11/2020,16,14,1011,26,10405,9388,6,19,860,111,0,0,21,0,0,0,0,0,0,0,0,0,0,0,17,0,0,2,0,12,0,2,6,0,719,41,49,49,2,9,9,3,1,0
Sarikei,11/11/2020,6,14,1011,26,10405,9388,6,19,860,111,0,0,21,0,0,0,0,0,0,0,0,0,0,0,17,0,0,2,0,12,0,2,6,0,719,41,49,49,2,9,9,3,1,0
Sibu,11/11/2020,17,14,1011,26,10405,9388,6,19,860,111,0,0,21,0,0,0,0,0,0,0,0,0,0,0,17,0,0,2,0,12,0,2,6,0,719,41,49,49,2,9,9,3,1,0
Kapit,11/11/2020,0,14,1011,26,10405,9388,6,19,860,111,0,0,21,0,0,0,0,0,0,0,0,0,0,0,17,0,0,2,0,12,0,2,6,0,719,41,49,49,2,9,9,3,1,0
Mukah,11/11/2020,4,14,1011,26,10405,9388,6,19,860,111,0,0,21,0,0,0,0,0,0,0,0,0,0,0,17,0,0,2,0,12,0,2,6,0,719,41,49,49,2,9,9,3,1,0
Bintulu,11/11/2020,49,14,1011,26,10405,9388,6,19,860,111,0,0,21,0,0,0,0,0,0,0,0,0,0,0,17,0,0,2,0,12,0,2,6,0,719,41,49,49,2,9,9,3,1,0
Miri,11/11/2020,54,14,1011,26,10405,9388,6,19,860,111,0,0,21,0,0,0,0,0,0,0,0,0,0,0,17,0,0,2,0,12,0,2,6,0,719,41,49,49,2,9,9,3,1,0
Limbang,11/11/2020,19,14,1011,26,10405,9388,6,19,860,111,0,0,21,0,0,0,0,0,0,0,0,0,0,0,17,0,0,2,0,12,0,2,6,0,719,41,49,49,2,9,9,3,1,0
Kuching,12/11/2020,690,8,1019,13,10418,9396,3,19,882,102,0,0,16,0,0,0,0,0,0,0,0,0,0,0,17,0,0,2,0,16,0,0,6,0,735,41,49,55,2,9,9,3,1,0
Samarahan,12/11/2020,128,8,1019,13,10418,9396,3,19,882,102,0,0,16,0,0,0,0,0,0,0,0,0,0,0,17,0,0,2,0,16,0,0,6,0,735,41,49,55,2,9,9,3,1,0
Serian,12/11/2020,28,8,1019,13,10418,9396,3,19,882,102,0,0,16,0,0,0,0,0,0,0,0,0,0,0,17,0,0,2,0,16,0,0,6,0,735,41,49,55,2,9,9,3,1,0
Sri Aman,12/11/2020,7,8,1019,13,10418,9396,3,19,882,102,0,0,16,0,0,0,0,0,0,0,0,0,0,0,17,0,0,2,0,16,0,0,6,0,735,41,49,55,2,9,9,3,1,0
Betong,12/11/2020,16,8,1019,13,10418,9396,3,19,882,102,0,0,16,0,0,0,0,0,0,0,0,0,0,0,17,0,0,2,0,16,0,0,6,0,735,41,49,55,2,9,9,3,1,0
Sarikei,12/11/2020,6,8,1019,13,10418,9396,3,19,882,102,0,0,16,0,0,0,0,0,0,0,0,0,0,0,17,0,0,2,0,16,0,0,6,0,735,41,49,55,2,9,9,3,1,0
Sibu,12/11/2020,17,8,1019,13,10418,9396,3,19,882,102,0,0,16,0,0,0,0,0,0,0,0,0,0,0,17,0,0,2,0,16,0,0,6,0,735,41,49,55,2,9,9,3,1,0
Kapit,12/11/2020,0,8,1019,13,10418,9396,3,19,882,102,0,0,16,0,0,0,0,0,0,0,0,0,0,0,17,0,0,2,0,16,0,0,6,0,735,41,49,55,2,9,9,3,1,0
Mukah,12/11/2020,4,8,1019,13,10418,9396,3,19,882,102,0,0,16,0,0,0,0,0,0,0,0,0,0,0,17,0,0,2,0,16,0,0,6,0,735,41,49,55,2,9,9,3,1,0
Bintulu,12/11/2020,49,8,1019,13,10418,9396,3,19,882,102,0,0,16,0,0,0,0,0,0,0,0,0,0,0,17,0,0,2,0,16,0,0,6,0,735,41,49,55,2,9,9,3,1,0
Miri,12/11/2020,54,8,1019,13,10418,9396,3,19,882,102,0,0,16,0,0,0,0,0,0,0,0,0,0,0,17,0,0,2,0,16,0,0,6,0,735,41,49,55,2,9,9,3,1,0
Limbang,12/11/2020,20,8,1019,13,10418,9396,3,19,882,102,0,0,16,0,0,0,0,0,0,0,0,0,0,0,17,0,0,2,0,16,0,0,6,0,735,41,49,55,2,9,9,3,1,0
Kuching,13/11/2020,702,13,1032,20,10438,9403,3,19,890,109,0,0,14,0,0,0,0,0,0,0,0,0,0,0,17,0,0,2,0,5,0,0,3,0,740,41,49,58,2,9,9,3,1,0
Samarahan,13/11/2020,128,13,1032,20,10438,9403,3,19,890,109,0,0,14,0,0,0,0,0,0,0,0,0,0,0,17,0,0,2,0,5,0,0,3,0,740,41,49,58,2,9,9,3,1,0
Serian,13/11/2020,28,13,1032,20,10438,9403,3,19,890,109,0,0,14,0,0,0,0,0,0,0,0,0,0,0,17,0,0,2,0,5,0,0,3,0,740,41,49,58,2,9,9,3,1,0
Sri Aman,13/11/2020,7,13,1032,20,10438,9403,3,19,890,109,0,0,14,0,0,0,0,0,0,0,0,0,0,0,17,0,0,2,0,5,0,0,3,0,740,41,49,58,2,9,9,3,1,0
Betong,13/11/2020,16,13,1032,20,10438,9403,3,19,890,109,0,0,14,0,0,0,0,0,0,0,0,0,0,0,17,0,0,2,0,5,0,0,3,0,740,41,49,58,2,9,9,3,1,0
Sarikei,13/11/2020,6,13,1032,20,10438,9403,3,19,890,109,0,0,14,0,0,0,0,0,0,0,0,0,0,0,17,0,0,2,0,5,0,0,3,0,740,41,49,58,2,9,9,3,1,0
Sibu,13/11/2020,17,13,1032,20,10438,9403,3,19,890,109,0,0,14,0,0,0,0,0,0,0,0,0,0,0,17,0,0,2,0,5,0,0,3,0,740,41,49,58,2,9,9,3,1,0
Kapit,13/11/2020,0,13,1032,20,10438,9403,3,19,890,109,0,0,14,0,0,0,0,0,0,0,0,0,0,0,17,0,0,2,0,5,0,0,3,0,740,41,49,58,2,9,9,3,1,0
Mukah,13/11/2020,4,13,1032,20,10438,9403,3,19,890,109,0,0,14,0,0,0,0,0,0,0,0,0,0,0,17,0,0,2,0,5,0,0,3,0,740,41,49,58,2,9,9,3,1,0
Bintulu,13/11/2020,49,13,1032,20,10438,9403,3,19,890,109,0,0,14,0,0,0,0,0,0,0,0,0,0,0,17,0,0,2,0,5,0,0,3,0,740,41,49,58,2,9,9,3,1,0
Miri,13/11/2020,54,13,1032,20,10438,9403,3,19,890,109,0,0,14,0,0,0,0,0,0,0,0,0,0,0,17,0,0,2,0,5,0,0,3,0,740,41,49,58,2,9,9,3,1,0
Limbang,13/11/2020,21,13,1032,20,10438,9403,3,19,890,109,0,0,14,0,0,0,0,0,0,0,0,0,0,0,17,0,0,2,0,5,0,0,3,0,740,41,49,58,2,9,9,3,1,0
Kuching,14/11/2020,706,4,1036,6,10444,9407,1,19,908,96,0,0,13,0,0,0,0,0,0,0,0,0,0,0,17,0,0,2,0,17,0,0,1,0,757,41,49,59,2,9,9,3,1,0
Samarahan,14/11/2020,128,4,1036,6,10444,9407,1,19,908,96,0,0,13,0,0,0,0,0,0,0,0,0,0,0,17,0,0,2,0,17,0,0,1,0,757,41,49,59,2,9,9,3,1,0
Serian,14/11/2020,28,4,1036,6,10444,9407,1,19,908,96,0,0,13,0,0,0,0,0,0,0,0,0,0,0,17,0,0,2,0,17,0,0,1,0,757,41,49,59,2,9,9,3,1,0
Sri Aman,14/11/2020,7,4,1036,6,10444,9407,1,19,908,96,0,0,13,0,0,0,0,0,0,0,0,0,0,0,17,0,0,2,0,17,0,0,1,0,757,41,49,59,2,9,9,3,1,0
Betong,14/11/2020,16,4,1036,6,10444,9407,1,19,908,96,0,0,13,0,0,0,0,0,0,0,0,0,0,0,17,0,0,2,0,17,0,0,1,0,757,41,49,59,2,9,9,3,1,0
Sarikei,14/11/2020,6,4,1036,6,10444,9407,1,19,908,96,0,0,13,0,0,0,0,0,0,0,0,0,0,0,17,0,0,2,0,17,0,0,1,0,757,41,49,59,2,9,9,3,1,0
Sibu,14/11/2020,17,4,1036,6,10444,9407,1,19,908,96,0,0,13,0,0,0,0,0,0,0,0,0,0,0,17,0,0,2,0,17,0,0,1,0,757,41,49,59,2,9,9,3,1,0
Kapit,14/11/2020,0,4,1036,6,10444,9407,1,19,908,96,0,0,13,0,0,0,0,0,0,0,0,0,0,0,17,0,0,2,0,17,0,0,1,0,757,41,49,59,2,9,9,3,1,0
Mukah,14/11/2020,4,4,1036,6,10444,9407,1,19,908,96,0,0,13,0,0,0,0,0,0,0,0,0,0,0,17,0,0,2,0,17,0,0,1,0,757,41,49,59,2,9,9,3,1,0
Bintulu,14/11/2020,49,4,1036,6,10444,9407,1,19,908,96,0,0,13,0,0,0,0,0,0,0,0,0,0,0,17,0,0,2,0,17,0,0,1,0,757,41,49,59,2,9,9,3,1,0
Miri,14/11/2020,54,4,1036,6,10444,9407,1,19,908,96,0,0,13,0,0,0,0,0,0,0,0,0,0,0,17,0,0,2,0,17,0,0,1,0,757,41,49,59,2,9,9,3,1,0
Limbang,14/11/2020,21,4,1036,6,10444,9407,1,19,908,96,0,0,13,0,0,0,0,0,0,0,0,0,0,0,17,0,0,2,0,17,0,0,1,0,757,41,49,59,2,9,9,3,1,0
Kuching,15/11/2020,710,4,1040,7,10451,9410,1,19,926,85,0,0,9,0,0,0,0,0,0,0,0,0,0,0,17,0,0,2,0,14,0,0,4,0,771,41,49,63,2,9,9,3,1,0
Samarahan,15/11/2020,128,4,1040,7,10451,9410,1,19,926,85,0,0,9,0,0,0,0,0,0,0,0,0,0,0,17,0,0,2,0,14,0,0,4,0,771,41,49,63,2,9,9,3,1,0
Serian,15/11/2020,28,4,1040,7,10451,9410,1,19,926,85,0,0,9,0,0,0,0,0,0,0,0,0,0,0,17,0,0,2,0,14,0,0,4,0,771,41,49,63,2,9,9,3,1,0
Sri Aman,15/11/2020,7,4,1040,7,10451,9410,1,19,926,85,0,0,9,0,0,0,0,0,0,0,0,0,0,0,17,0,0,2,0,14,0,0,4,0,771,41,49,63,2,9,9,3,1,0
Betong,15/11/2020,16,4,1040,7,10451,9410,1,19,926,85,0,0,9,0,0,0,0,0,0,0,0,0,0,0,17,0,0,2,0,14,0,0,4,0,771,41,49,63,2,9,9,3,1,0
Sarikei,15/11/2020,6,4,1040,7,10451,9410,1,19,926,85,0,0,9,0,0,0,0,0,0,0,0,0,0,0,17,0,0,2,0,14,0,0,4,0,771,41,49,63,2,9,9,3,1,0
Sibu,15/11/2020,17,4,1040,7,10451,9410,1,19,926,85,0,0,9,0,0,0,0,0,0,0,0,0,0,0,17,0,0,2,0,14,0,0,4,0,771,41,49,63,2,9,9,3,1,0
Kapit,15/11/2020,0,4,1040,7,10451,9410,1,19,926,85,0,0,9,0,0,0,0,0,0,0,0,0,0,0,17,0,0,2,0,14,0,0,4,0,771,41,49,63,2,9,9,3,1,0
Mukah,15/11/2020,4,4,1040,7,10451,9410,1,19,926,85,0,0,9,0,0,0,0,0,0,0,0,0,0,0,17,0,0,2,0,14,0,0,4,0,771,41,49,63,2,9,9,3,1,0
Bintulu,15/11/2020,49,4,1040,7,10451,9410,1,19,926,85,0,0,9,0,0,0,0,0,0,0,0,0,0,0,17,0,0,2,0,14,0,0,4,0,771,41,49,63,2,9,9,3,1,0
Miri,15/11/2020,54,4,1040,7,10451,9410,1,19,926,85,0,0,9,0,0,0,0,0,0,0,0,0,0,0,17,0,0,2,0,14,0,0,4,0,771,41,49,63,2,9,9,3,1,0
Limbang,15/11/2020,21,4,1040,7,10451,9410,1,19,926,85,0,0,9,0,0,0,0,0,0,0,0,0,0,0,17,0,0,2,0,14,0,0,4,0,771,41,49,63,2,9,9,3,1,0
Kuching,16/11/2020,710,1,1041,5,10456,9413,2,19,931,81,0,0,10,0,0,0,0,0,0,1,0,0,0,0,17,0,0,2,0,5,0,0,0,0,776,41,49,63,2,9,9,3,1,0
Samarahan,16/11/2020,128,1,1041,5,10456,9413,2,19,931,81,0,0,10,0,0,0,0,0,0,1,0,0,0,0,17,0,0,2,0,5,0,0,0,0,776,41,49,63,2,9,9,3,1,0
Serian,16/11/2020,28,1,1041,5,10456,9413,2,19,931,81,0,0,10,0,0,0,0,0,0,1,0,0,0,0,17,0,0,2,0,5,0,0,0,0,776,41,49,63,2,9,9,3,1,0
Sri Aman,16/11/2020,7,1,1041,5,10456,9413,2,19,931,81,0,0,10,0,0,0,0,0,0,1,0,0,0,0,17,0,0,2,0,5,0,0,0,0,776,41,49,63,2,9,9,3,1,0
Betong,16/11/2020,16,1,1041,5,10456,9413,2,19,931,81,0,0,10,0,0,0,0,0,0,1,0,0,0,0,17,0,0,2,0,5,0,0,0,0,776,41,49,63,2,9,9,3,1,0
Sarikei,16/11/2020,6,1,1041,5,10456,9413,2,19,931,81,0,0,10,0,0,0,0,0,0,1,0,0,0,0,17,0,0,2,0,5,0,0,0,0,776,41,49,63,2,9,9,3,1,0
Sibu,16/11/2020,17,1,1041,5,10456,9413,2,19,931,81,0,0,10,0,0,0,0,0,0,1,0,0,0,0,17,0,0,2,0,5,0,0,0,0,776,41,49,63,2,9,9,3,1,0
Kapit,16/11/2020,0,1,1041,5,10456,9413,2,19,931,81,0,0,10,0,0,0,0,0,0,1,0,0,0,0,17,0,0,2,0,5,0,0,0,0,776,41,49,63,2,9,9,3,1,0
Mukah,16/11/2020,4,1,1041,5,10456,9413,2,19,931,81,0,0,10,0,0,0,0,0,0,1,0,0,0,0,17,0,0,2,0,5,0,0,0,0,776,41,49,63,2,9,9,3,1,0
Bintulu,16/11/2020,49,1,1041,5,10456,9413,2,19,931,81,0,0,10,0,0,0,0,0,0,1,0,0,0,0,17,0,0,2,0,5,0,0,0,0,776,41,49,63,2,9,9,3,1,0
Miri,16/11/2020,55,1,1041,5,10456,9413,2,19,931,81,0,0,10,0,0,0,0,0,0,1,0,0,0,0,17,0,0,2,0,5,0,0,0,0,776,41,49,63,2,9,9,3,1,0
Limbang,16/11/2020,21,1,1041,5,10456,9413,2,19,931,81,0,0,10,0,0,0,0,0,0,1,0,0,0,0,17,0,0,2,0,5,0,0,0,0,776,41,49,63,2,9,9,3,1,0
Kuching,17/11/2020,711,1,1042,12,10465,9425,1,19,933,80,0,0,10,0,0,0,0,0,0,1,0,0,0,0,17,0,0,2,0,2,0,0,0,0,778,41,49,63,2,9,9,3,1,0
Samarahan,17/11/2020,128,1,1042,12,10465,9425,1,19,933,80,0,0,10,0,0,0,0,0,0,1,0,0,0,0,17,0,0,2,0,2,0,0,0,0,778,41,49,63,2,9,9,3,1,0
Serian,17/11/2020,28,1,1042,12,10465,9425,1,19,933,80,0,0,10,0,0,0,0,0,0,1,0,0,0,0,17,0,0,2,0,2,0,0,0,0,778,41,49,63,2,9,9,3,1,0
Sri Aman,17/11/2020,7,1,1042,12,10465,9425,1,19,933,80,0,0,10,0,0,0,0,0,0,1,0,0,0,0,17,0,0,2,0,2,0,0,0,0,778,41,49,63,2,9,9,3,1,0
Betong,17/11/2020,16,1,1042,12,10465,9425,1,19,933,80,0,0,10,0,0,0,0,0,0,1,0,0,0,0,17,0,0,2,0,2,0,0,0,0,778,41,49,63,2,9,9,3,1,0
Sarikei,17/11/2020,6,1,1042,12,10465,9425,1,19,933,80,0,0,10,0,0,0,0,0,0,1,0,0,0,0,17,0,0,2,0,2,0,0,0,0,778,41,49,63,2,9,9,3,1,0
Sibu,17/11/2020,17,1,1042,12,10465,9425,1,19,933,80,0,0,10,0,0,0,0,0,0,1,0,0,0,0,17,0,0,2,0,2,0,0,0,0,778,41,49,63,2,9,9,3,1,0
Kapit,17/11/2020,0,1,1042,12,10465,9425,1,19,933,80,0,0,10,0,0,0,0,0,0,1,0,0,0,0,17,0,0,2,0,2,0,0,0,0,778,41,49,63,2,9,9,3,1,0
Mukah,17/11/2020,4,1,1042,12,10465,9425,1,19,933,80,0,0,10,0,0,0,0,0,0,1,0,0,0,0,17,0,0,2,0,2,0,0,0,0,778,41,49,63,2,9,9,3,1,0
Bintulu,17/11/2020,49,1,1042,12,10465,9425,1,19,933,80,0,0,10,0,0,0,0,0,0,1,0,0,0,0,17,0,0,2,0,2,0,0,0,0,778,41,49,63,2,9,9,3,1,0
Miri,17/11/2020,55,1,1042,12,10465,9425,1,19,933,80,0,0,10,0,0,0,0,0,0,1,0,0,0,0,17,0,0,2,0,2,0,0,0,0,778,41,49,63,2,9,9,3,1,0
Limbang,17/11/2020,21,1,1042,12,10465,9425,1,19,933,80,0,0,10,0,0,0,0,0,0,1,0,0,0,0,17,0,0,2,0,2,0,0,0,0,778,41,49,63,2,9,9,3,1,0
Kuching,18/11/2020,714,3,1045,23,10491,9430,16,19,946,70,0,0,10,0,0,0,0,0,0,1,0,0,0,0,17,0,0,2,0,13,0,0,0,0,791,41,49,63,2,9,9,3,1,0
Samarahan,18/11/2020,128,3,1045,23,10491,9430,16,19,946,70,0,0,10,0,0,0,0,0,0,1,0,0,0,0,17,0,0,2,0,13,0,0,0,0,791,41,49,63,2,9,9,3,1,0
Serian,18/11/2020,28,3,1045,23,10491,9430,16,19,946,70,0,0,10,0,0,0,0,0,0,1,0,0,0,0,17,0,0,2,0,13,0,0,0,0,791,41,49,63,2,9,9,3,1,0
Sri Aman,18/11/2020,7,3,1045,23,10491,9430,16,19,946,70,0,0,10,0,0,0,0,0,0,1,0,0,0,0,17,0,0,2,0,13,0,0,0,0,791,41,49,63,2,9,9,3,1,0
Betong,18/11/2020,16,3,1045,23,10491,9430,16,19,946,70,0,0,10,0,0,0,0,0,0,1,0,0,0,0,17,0,0,2,0,13,0,0,0,0,791,41,49,63,2,9,9,3,1,0
Sarikei,18/11/2020,6,3,1045,23,10491,9430,16,19,946,70,0,0,10,0,0,0,0,0,0,1,0,0,0,0,17,0,0,2,0,13,0,0,0,0,791,41,49,63,2,9,9,3,1,0
Sibu,18/11/2020,17,3,1045,23,10491,9430,16,19,946,70,0,0,10,0,0,0,0,0,0,1,0,0,0,0,17,0,0,2,0,13,0,0,0,0,791,41,49,63,2,9,9,3,1,0
Kapit,18/11/2020,0,3,1045,23,10491,9430,16,19,946,70,0,0,10,0,0,0,0,0,0,1,0,0,0,0,17,0,0,2,0,13,0,0,0,0,791,41,49,63,2,9,9,3,1,0
Mukah,18/11/2020,4,3,1045,23,10491,9430,16,19,946,70,0,0,10,0,0,0,0,0,0,1,0,0,0,0,17,0,0,2,0,13,0,0,0,0,791,41,49,63,2,9,9,3,1,0
Bintulu,18/11/2020,49,3,1045,23,10491,9430,16,19,946,70,0,0,10,0,0,0,0,0,0,1,0,0,0,0,17,0,0,2,0,13,0,0,0,0,791,41,49,63,2,9,9,3,1,0
Miri,18/11/2020,55,3,1045,23,10491,9430,16,19,946,70,0,0,10,0,0,0,0,0,0,1,0,0,0,0,17,0,0,2,0,13,0,0,0,0,791,41,49,63,2,9,9,3,1,0
Limbang,18/11/2020,21,3,1045,23,10491,9430,16,19,946,70,0,0,10,0,0,0,0,0,0,1,0,0,0,0,17,0,0,2,0,13,0,0,0,0,791,41,49,63,2,9,9,3,1,0
Kuching,19/11/2020,720,8,1053,21,10512,9457,2,19,962,63,0,0,9,0,0,0,0,0,0,1,0,0,0,0,17,0,0,2,0,13,0,0,3,0,804,41,49,66,2,9,9,3,1,0
Samarahan,19/11/2020,128,8,1053,21,10512,9457,2,19,962,63,0,0,9,0,0,0,0,0,0,1,0,0,0,0,17,0,0,2,0,13,0,0,3,0,804,41,49,66,2,9,9,3,1,0
Serian,19/11/2020,28,8,1053,21,10512,9457,2,19,962,63,0,0,9,0,0,0,0,0,0,1,0,0,0,0,17,0,0,2,0,13,0,0,3,0,804,41,49,66,2,9,9,3,1,0
Sri Aman,19/11/2020,7,8,1053,21,10512,9457,2,19,962,63,0,0,9,0,0,0,0,0,0,1,0,0,0,0,17,0,0,2,0,13,0,0,3,0,804,41,49,66,2,9,9,3,1,0
Betong,19/11/2020,16,8,1053,21,10512,9457,2,19,962,63,0,0,9,0,0,0,0,0,0,1,0,0,0,0,17,0,0,2,0,13,0,0,3,0,804,41,49,66,2,9,9,3,1,0
Sarikei,19/11/2020,6,8,1053,21,10512,9457,2,19,962,63,0,0,9,0,0,0,0,0,0,1,0,0,0,0,17,0,0,2,0,13,0,0,3,0,804,41,49,66,2,9,9,3,1,0
Sibu,19/11/2020,17,8,1053,21,10512,9457,2,19,962,63,0,0,9,0,0,0,0,0,0,1,0,0,0,0,17,0,0,2,0,13,0,0,3,0,804,41,49,66,2,9,9,3,1,0
Kapit,19/11/2020,0,8,1053,21,10512,9457,2,19,962,63,0,0,9,0,0,0,0,0,0,1,0,0,0,0,17,0,0,2,0,13,0,0,3,0,804,41,49,66,2,9,9,3,1,0
Mukah,19/11/2020,4,8,1053,21,10512,9457,2,19,962,63,0,0,9,0,0,0,0,0,0,1,0,0,0,0,17,0,0,2,0,13,0,0,3,0,804,41,49,66,2,9,9,3,1,0
Bintulu,19/11/2020,49,8,1053,21,10512,9457,2,19,962,63,0,0,9,0,0,0,0,0,0,1,0,0,0,0,17,0,0,2,0,13,0,0,3,0,804,41,49,66,2,9,9,3,1,0
Miri,19/11/2020,57,8,1053,21,10512,9457,2,19,962,63,0,0,9,0,0,0,0,0,0,1,0,0,0,0,17,0,0,2,0,13,0,0,3,0,804,41,49,66,2,9,9,3,1,0
Limbang,19/11/2020,21,8,1053,21,10512,9457,2,19,962,63,0,0,9,0,0,0,0,0,0,1,0,0,0,0,17,0,0,2,0,13,0,0,3,0,804,41,49,66,2,9,9,3,1,0
Kuching,20/11/2020,721,2,1055,8,10520,9465,0,19,971,57,0,0,8,0,0,0,0,0,0,0,0,0,0,0,17,0,0,2,0,7,0,0,2,0,811,41,49,68,2,9,9,3,1,0
Samarahan,20/11/2020,128,2,1055,8,10520,9465,0,19,971,57,0,0,8,0,0,0,0,0,0,0,0,0,0,0,17,0,0,2,0,7,0,0,2,0,811,41,49,68,2,9,9,3,1,0
Serian,20/11/2020,28,2,1055,8,10520,9465,0,19,971,57,0,0,8,0,0,0,0,0,0,0,0,0,0,0,17,0,0,2,0,7,0,0,2,0,811,41,49,68,2,9,9,3,1,0
Sri Aman,20/11/2020,7,2,1055,8,10520,9465,0,19,971,57,0,0,8,0,0,0,0,0,0,0,0,0,0,0,17,0,0,2,0,7,0,0,2,0,811,41,49,68,2,9,9,3,1,0
Betong,20/11/2020,16,2,1055,8,10520,9465,0,19,971,57,0,0,8,0,0,0,0,0,0,0,0,0,0,0,17,0,0,2,0,7,0,0,2,0,811,41,49,68,2,9,9,3,1,0
Sarikei,20/11/2020,6,2,1055,8,10520,9465,0,19,971,57,0,0,8,0,0,0,0,0,0,0,0,0,0,0,17,0,0,2,0,7,0,0,2,0,811,41,49,68,2,9,9,3,1,0
Sibu,20/11/2020,17,2,1055,8,10520,9465,0,19,971,57,0,0,8,0,0,0,0,0,0,0,0,0,0,0,17,0,0,2,0,7,0,0,2,0,811,41,49,68,2,9,9,3,1,0
Kapit,20/11/2020,0,2,1055,8,10520,9465,0,19,971,57,0,0,8,0,0,0,0,0,0,0,0,0,0,0,17,0,0,2,0,7,0,0,2,0,811,41,49,68,2,9,9,3,1,0
Mukah,20/11/2020,4,2,1055,8,10520,9465,0,19,971,57,0,0,8,0,0,0,0,0,0,0,0,0,0,0,17,0,0,2,0,7,0,0,2,0,811,41,49,68,2,9,9,3,1,0
Bintulu,20/11/2020,49,2,1055,8,10520,9465,0,19,971,57,0,0,8,0,0,0,0,0,0,0,0,0,0,0,17,0,0,2,0,7,0,0,2,0,811,41,49,68,2,9,9,3,1,0
Miri,20/11/2020,58,2,1055,8,10520,9465,0,19,971,57,0,0,8,0,0,0,0,0,0,0,0,0,0,0,17,0,0,2,0,7,0,0,2,0,811,41,49,68,2,9,9,3,1,0
Limbang,20/11/2020,21,2,1055,8,10520,9465,0,19,971,57,0,0,8,0,0,0,0,0,0,0,0,0,0,0,17,0,0,2,0,7,0,0,2,0,811,41,49,68,2,9,9,3,1,0
Kuching,21/11/2020,721,0,1055,5,10525,9470,0,19,972,56,0,0,8,0,0,0,0,0,0,0,0,0,0,0,17,0,0,2,0,1,0,0,2,0,811,41,49,68,2,9,9,3,1,0
Samarahan,21/11/2020,128,0,1055,5,10525,9470,0,19,972,56,0,0,8,0,0,0,0,0,0,0,0,0,0,0,17,0,0,2,0,1,0,0,2,0,811,41,49,68,2,9,9,3,1,0
Serian,21/11/2020,28,0,1055,5,10525,9470,0,19,972,56,0,0,8,0,0,0,0,0,0,0,0,0,0,0,17,0,0,2,0,1,0,0,2,0,811,41,49,68,2,9,9,3,1,0
Sri Aman,21/11/2020,7,0,1055,5,10525,9470,0,19,972,56,0,0,8,0,0,0,0,0,0,0,0,0,0,0,17,0,0,2,0,1,0,0,2,0,811,41,49,68,2,9,9,3,1,0
Betong,21/11/2020,16,0,1055,5,10525,9470,0,19,972,56,0,0,8,0,0,0,0,0,0,0,0,0,0,0,17,0,0,2,0,1,0,0,2,0,811,41,49,68,2,9,9,3,1,0
Sarikei,21/11/2020,6,0,1055,5,10525,9470,0,19,972,56,0,0,8,0,0,0,0,0,0,0,0,0,0,0,17,0,0,2,0,1,0,0,2,0,811,41,49,68,2,9,9,3,1,0
Sibu,21/11/2020,17,0,1055,5,10525,9470,0,19,972,56,0,0,8,0,0,0,0,0,0,0,0,0,0,0,17,0,0,2,0,1,0,0,2,0,811,41,49,68,2,9,9,3,1,0
Kapit,21/11/2020,0,0,1055,5,10525,9470,0,19,972,56,0,0,8,0,0,0,0,0,0,0,0,0,0,0,17,0,0,2,0,1,0,0,2,0,811,41,49,68,2,9,9,3,1,0
Mukah,21/11/2020,4,0,1055,5,10525,9470,0,19,972,56,0,0,8,0,0,0,0,0,0,0,0,0,0,0,17,0,0,2,0,1,0,0,2,0,811,41,49,68,2,9,9,3,1,0
Bintulu,21/11/2020,49,0,1055,5,10525,9470,0,19,972,56,0,0,8,0,0,0,0,0,0,0,0,0,0,0,17,0,0,2,0,1,0,0,2,0,811,41,49,68,2,9,9,3,1,0
Miri,21/11/2020,58,0,1055,5,10525,9470,0,19,972,56,0,0,8,0,0,0,0,0,0,0,0,0,0,0,17,0,0,2,0,1,0,0,2,0,811,41,49,68,2,9,9,3,1,0
Limbang,21/11/2020,21,0,1055,5,10525,9470,0,19,972,56,0,0,8,0,0,0,0,0,0,0,0,0,0,0,17,0,0,2,0,1,0,0,2,0,811,41,49,68,2,9,9,3,1,0
Kuching,22/11/2020,721,0,1055,38,10563,9506,2,19,977,53,0,0,6,0,0,0,0,0,0,0,0,0,0,0,17,0,0,2,0,3,0,0,2,0,815,41,49,70,2,9,9,3,1,0
Samarahan,22/11/2020,128,0,1055,38,10563,9506,2,19,977,53,0,0,6,0,0,0,0,0,0,0,0,0,0,0,17,0,0,2,0,3,0,0,2,0,815,41,49,70,2,9,9,3,1,0
Serian,22/11/2020,28,0,1055,38,10563,9506,2,19,977,53,0,0,6,0,0,0,0,0,0,0,0,0,0,0,17,0,0,2,0,3,0,0,2,0,815,41,49,70,2,9,9,3,1,0
Sri Aman,22/11/2020,7,0,1055,38,10563,9506,2,19,977,53,0,0,6,0,0,0,0,0,0,0,0,0,0,0,17,0,0,2,0,3,0,0,2,0,815,41,49,70,2,9,9,3,1,0
Betong,22/11/2020,16,0,1055,38,10563,9506,2,19,977,53,0,0,6,0,0,0,0,0,0,0,0,0,0,0,17,0,0,2,0,3,0,0,2,0,815,41,49,70,2,9,9,3,1,0
Sarikei,22/11/2020,6,0,1055,38,10563,9506,2,19,977,53,0,0,6,0,0,0,0,0,0,0,0,0,0,0,17,0,0,2,0,3,0,0,2,0,815,41,49,70,2,9,9,3,1,0
Sibu,22/11/2020,17,0,1055,38,10563,9506,2,19,977,53,0,0,6,0,0,0,0,0,0,0,0,0,0,0,17,0,0,2,0,3,0,0,2,0,815,41,49,70,2,9,9,3,1,0
Kapit,22/11/2020,0,0,1055,38,10563,9506,2,19,977,53,0,0,6,0,0,0,0,0,0,0,0,0,0,0,17,0,0,2,0,3,0,0,2,0,815,41,49,70,2,9,9,3,1,0
Mukah,22/11/2020,4,0,1055,38,10563,9506,2,19,977,53,0,0,6,0,0,0,0,0,0,0,0,0,0,0,17,0,0,2,0,3,0,0,2,0,815,41,49,70,2,9,9,3,1,0
Bintulu,22/11/2020,49,0,1055,38,10563,9506,2,19,977,53,0,0,6,0,0,0,0,0,0,0,0,0,0,0,17,0,0,2,0,3,0,0,2,0,815,41,49,70,2,9,9,3,1,0
Miri,22/11/2020,58,0,1055,38,10563,9506,2,19,977,53,0,0,6,0,0,0,0,0,0,0,0,0,0,0,17,0,0,2,0,3,0,0,2,0,815,41,49,70,2,9,9,3,1,0
Limbang,22/11/2020,21,0,1055,38,10563,9506,2,19,977,53,0,0,6,0,0,0,0,0,0,0,0,0,0,0,17,0,0,2,0,3,0,0,2,0,815,41,49,70,2,9,9,3,1,0
Kuching,23/11/2020,721,0,1055,9,10572,9516,1,19,982,48,0,0,6,0,0,0,0,0,0,0,0,0,0,0,17,0,0,2,0,5,0,0,0,0,820,41,49,70,2,9,9,3,1,0
Samarahan,23/11/2020,128,0,1055,9,10572,9516,1,19,982,48,0,0,6,0,0,0,0,0,0,0,0,0,0,0,17,0,0,2,0,5,0,0,0,0,820,41,49,70,2,9,9,3,1,0
Serian,23/11/2020,28,0,1055,9,10572,9516,1,19,982,48,0,0,6,0,0,0,0,0,0,0,0,0,0,0,17,0,0,2,0,5,0,0,0,0,820,41,49,70,2,9,9,3,1,0
Sri Aman,23/11/2020,7,0,1055,9,10572,9516,1,19,982,48,0,0,6,0,0,0,0,0,0,0,0,0,0,0,17,0,0,2,0,5,0,0,0,0,820,41,49,70,2,9,9,3,1,0
Betong,23/11/2020,16,0,1055,9,10572,9516,1,19,982,48,0,0,6,0,0,0,0,0,0,0,0,0,0,0,17,0,0,2,0,5,0,0,0,0,820,41,49,70,2,9,9,3,1,0
Sarikei,23/11/2020,6,0,1055,9,10572,9516,1,19,982,48,0,0,6,0,0,0,0,0,0,0,0,0,0,0,17,0,0,2,0,5,0,0,0,0,820,41,49,70,2,9,9,3,1,0
Sibu,23/11/2020,17,0,1055,9,10572,9516,1,19,982,48,0,0,6,0,0,0,0,0,0,0,0,0,0,0,17,0,0,2,0,5,0,0,0,0,820,41,49,70,2,9,9,3,1,0
Kapit,23/11/2020,0,0,1055,9,10572,9516,1,19,982,48,0,0,6,0,0,0,0,0,0,0,0,0,0,0,17,0,0,2,0,5,0,0,0,0,820,41,49,70,2,9,9,3,1,0
Mukah,23/11/2020,4,0,1055,9,10572,9516,1,19,982,48,0,0,6,0,0,0,0,0,0,0,0,0,0,0,17,0,0,2,0,5,0,0,0,0,820,41,49,70,2,9,9,3,1,0
Bintulu,23/11/2020,49,0,1055,9,10572,9516,1,19,982,48,0,0,6,0,0,0,0,0,0,0,0,0,0,0,17,0,0,2,0,5,0,0,0,0,820,41,49,70,2,9,9,3,1,0
Miri,23/11/2020,58,0,1055,9,10572,9516,1,19,982,48,0,0,6,0,0,0,0,0,0,0,0,0,0,0,17,0,0,2,0,5,0,0,0,0,820,41,49,70,2,9,9,3,1,0
Limbang,23/11/2020,21,0,1055,9,10572,9516,1,19,982,48,0,0,6,0,0,0,0,0,0,0,0,0,0,0,17,0,0,2,0,5,0,0,0,0,820,41,49,70,2,9,9,3,1,0
Kuching,24/11/2020,722,1,1056,25,10597,9539,2,19,992,41,0,0,4,0,0,0,0,0,0,0,0,0,0,0,17,0,0,2,0,8,0,0,2,0,828,41,49,72,2,9,9,3,1,0
Samarahan,24/11/2020,128,1,1056,25,10597,9539,2,19,992,41,0,0,4,0,0,0,0,0,0,0,0,0,0,0,17,0,0,2,0,8,0,0,2,0,828,41,49,72,2,9,9,3,1,0
Serian,24/11/2020,28,1,1056,25,10597,9539,2,19,992,41,0,0,4,0,0,0,0,0,0,0,0,0,0,0,17,0,0,2,0,8,0,0,2,0,828,41,49,72,2,9,9,3,1,0
Sri Aman,24/11/2020,7,1,1056,25,10597,9539,2,19,992,41,0,0,4,0,0,0,0,0,0,0,0,0,0,0,17,0,0,2,0,8,0,0,2,0,828,41,49,72,2,9,9,3,1,0
Betong,24/11/2020,16,1,1056,25,10597,9539,2,19,992,41,0,0,4,0,0,0,0,0,0,0,0,0,0,0,17,0,0,2,0,8,0,0,2,0,828,41,49,72,2,9,9,3,1,0
Sarikei,24/11/2020,6,1,1056,25,10597,9539,2,19,992,41,0,0,4,0,0,0,0,0,0,0,0,0,0,0,17,0,0,2,0,8,0,0,2,0,828,41,49,72,2,9,9,3,1,0
Sibu,24/11/2020,17,1,1056,25,10597,9539,2,19,992,41,0,0,4,0,0,0,0,0,0,0,0,0,0,0,17,0,0,2,0,8,0,0,2,0,828,41,49,72,2,9,9,3,1,0
Kapit,24/11/2020,0,1,1056,25,10597,9539,2,19,992,41,0,0,4,0,0,0,0,0,0,0,0,0,0,0,17,0,0,2,0,8,0,0,2,0,828,41,49,72,2,9,9,3,1,0
Mukah,24/11/2020,4,1,1056,25,10597,9539,2,19,992,41,0,0,4,0,0,0,0,0,0,0,0,0,0,0,17,0,0,2,0,8,0,0,2,0,828,41,49,72,2,9,9,3,1,0
Bintulu,24/11/2020,49,1,1056,25,10597,9539,2,19,992,41,0,0,4,0,0,0,0,0,0,0,0,0,0,0,17,0,0,2,0,8,0,0,2,0,828,41,49,72,2,9,9,3,1,0
Miri,24/11/2020,58,1,1056,25,10597,9539,2,19,992,41,0,0,4,0,0,0,0,0,0,0,0,0,0,0,17,0,0,2,0,8,0,0,2,0,828,41,49,72,2,9,9,3,1,0
Limbang,24/11/2020,21,1,1056,25,10597,9539,2,19,992,41,0,0,4,0,0,0,0,0,0,0,0,0,0,0,17,0,0,2,0,8,0,0,2,0,828,41,49,72,2,9,9,3,1,0
Kuching,25/11/2020,722,2,1058,27,10624,9562,4,19,1008,27,2,0,2,0,0,0,0,0,0,0,0,0,0,0,17,0,0,2,0,14,0,0,2,0,842,41,49,74,2,9,9,3,1,0
Samarahan,25/11/2020,128,2,1058,27,10624,9562,4,19,1008,27,2,0,2,0,0,0,0,0,0,0,0,0,0,0,17,0,0,2,0,14,0,0,2,0,842,41,49,74,2,9,9,3,1,0
Serian,25/11/2020,28,2,1058,27,10624,9562,4,19,1008,27,2,0,2,0,0,0,0,0,0,0,0,0,0,0,17,0,0,2,0,14,0,0,2,0,842,41,49,74,2,9,9,3,1,0
Sri Aman,25/11/2020,7,2,1058,27,10624,9562,4,19,1008,27,2,0,2,0,0,0,0,0,0,0,0,0,0,0,17,0,0,2,0,14,0,0,2,0,842,41,49,74,2,9,9,3,1,0
Betong,25/11/2020,16,2,1058,27,10624,9562,4,19,1008,27,2,0,2,0,0,0,0,0,0,0,0,0,0,0,17,0,0,2,0,14,0,0,2,0,842,41,49,74,2,9,9,3,1,0
Sarikei,25/11/2020,6,2,1058,27,10624,9562,4,19,1008,27,2,0,2,0,0,0,0,0,0,0,0,0,0,0,17,0,0,2,0,14,0,0,2,0,842,41,49,74,2,9,9,3,1,0
Sibu,25/11/2020,19,2,1058,27,10624,9562,4,19,1008,27,2,0,2,0,0,0,0,0,0,0,0,0,0,0,17,0,0,2,0,14,0,0,2,0,842,41,49,74,2,9,9,3,1,0
Kapit,25/11/2020,0,2,1058,27,10624,9562,4,19,1008,27,2,0,2,0,0,0,0,0,0,0,0,0,0,0,17,0,0,2,0,14,0,0,2,0,842,41,49,74,2,9,9,3,1,0
Mukah,25/11/2020,4,2,1058,27,10624,9562,4,19,1008,27,2,0,2,0,0,0,0,0,0,0,0,0,0,0,17,0,0,2,0,14,0,0,2,0,842,41,49,74,2,9,9,3,1,0
Bintulu,25/11/2020,49,2,1058,27,10624,9562,4,19,1008,27,2,0,2,0,0,0,0,0,0,0,0,0,0,0,17,0,0,2,0,14,0,0,2,0,842,41,49,74,2,9,9,3,1,0
Miri,25/11/2020,58,2,1058,27,10624,9562,4,19,1008,27,2,0,2,0,0,0,0,0,0,0,0,0,0,0,17,0,0,2,0,14,0,0,2,0,842,41,49,74,2,9,9,3,1,0
Limbang,25/11/2020,21,2,1058,27,10624,9562,4,19,1008,27,2,0,2,0,0,0,0,0,0,0,0,0,0,0,17,0,0,2,0,14,0,0,2,0,842,41,49,74,2,9,9,3,1,0
Kuching,26/11/2020,726,4,1062,43,10667,9605,0,19,1015,25,2,0,1,0,0,0,0,0,0,0,0,0,0,0,17,0,0,2,0,6,0,0,1,0,848,41,49,75,2,9,9,3,1,0
Samarahan,26/11/2020,128,4,1062,43,10667,9605,0,19,1015,25,2,0,1,0,0,0,0,0,0,0,0,0,0,0,17,0,0,2,0,6,0,0,1,0,848,41,49,75,2,9,9,3,1,0
Serian,26/11/2020,28,4,1062,43,10667,9605,0,19,1015,25,2,0,1,0,0,0,0,0,0,0,0,0,0,0,17,0,0,2,0,6,0,0,1,0,848,41,49,75,2,9,9,3,1,0
Sri Aman,26/11/2020,7,4,1062,43,10667,9605,0,19,1015,25,2,0,1,0,0,0,0,0,0,0,0,0,0,0,17,0,0,2,0,6,0,0,1,0,848,41,49,75,2,9,9,3,1,0
Betong,26/11/2020,16,4,1062,43,10667,9605,0,19,1015,25,2,0,1,0,0,0,0,0,0,0,0,0,0,0,17,0,0,2,0,6,0,0,1,0,848,41,49,75,2,9,9,3,1,0
Sarikei,26/11/2020,6,4,1062,43,10667,9605,0,19,1015,25,2,0,1,0,0,0,0,0,0,0,0,0,0,0,17,0,0,2,0,6,0,0,1,0,848,41,49,75,2,9,9,3,1,0
Sibu,26/11/2020,19,4,1062,43,10667,9605,0,19,1015,25,2,0,1,0,0,0,0,0,0,0,0,0,0,0,17,0,0,2,0,6,0,0,1,0,848,41,49,75,2,9,9,3,1,0
Kapit,26/11/2020,0,4,1062,43,10667,9605,0,19,1015,25,2,0,1,0,0,0,0,0,0,0,0,0,0,0,17,0,0,2,0,6,0,0,1,0,848,41,49,75,2,9,9,3,1,0
Mukah,26/11/2020,4,4,1062,43,10667,9605,0,19,1015,25,2,0,1,0,0,0,0,0,0,0,0,0,0,0,17,0,0,2,0,6,0,0,1,0,848,41,49,75,2,9,9,3,1,0
Bintulu,26/11/2020,49,4,1062,43,10667,9605,0,19,1015,25,2,0,1,0,0,0,0,0,0,0,0,0,0,0,17,0,0,2,0,6,0,0,1,0,848,41,49,75,2,9,9,3,1,0
Miri,26/11/2020,58,4,1062,43,10667,9605,0,19,1015,25,2,0,1,0,0,0,0,0,0,0,0,0,0,0,17,0,0,2,0,6,0,0,1,0,848,41,49,75,2,9,9,3,1,0
Limbang,26/11/2020,21,4,1062,43,10667,9605,0,19,1015,25,2,0,1,0,0,0,0,0,0,0,0,0,0,0,17,0,0,2,0,6,0,0,1,0,848,41,49,75,2,9,9,3,1,0
Kuching,27/11/2020,726,0,1062,17,10684,9621,1,19,1018,22,2,0,1,0,0,0,0,0,0,0,0,0,0,0,17,0,0,2,0,3,0,0,0,0,851,41,49,75,2,9,9,3,1,0
Samarahan,27/11/2020,128,0,1062,17,10684,9621,1,19,1018,22,2,0,1,0,0,0,0,0,0,0,0,0,0,0,17,0,0,2,0,3,0,0,0,0,851,41,49,75,2,9,9,3,1,0
Serian,27/11/2020,28,0,1062,17,10684,9621,1,19,1018,22,2,0,1,0,0,0,0,0,0,0,0,0,0,0,17,0,0,2,0,3,0,0,0,0,851,41,49,75,2,9,9,3,1,0
Sri Aman,27/11/2020,7,0,1062,17,10684,9621,1,19,1018,22,2,0,1,0,0,0,0,0,0,0,0,0,0,0,17,0,0,2,0,3,0,0,0,0,851,41,49,75,2,9,9,3,1,0
Betong,27/11/2020,16,0,1062,17,10684,9621,1,19,1018,22,2,0,1,0,0,0,0,0,0,0,0,0,0,0,17,0,0,2,0,3,0,0,0,0,851,41,49,75,2,9,9,3,1,0
Sarikei,27/11/2020,6,0,1062,17,10684,9621,1,19,1018,22,2,0,1,0,0,0,0,0,0,0,0,0,0,0,17,0,0,2,0,3,0,0,0,0,851,41,49,75,2,9,9,3,1,0
Sibu,27/11/2020,19,0,1062,17,10684,9621,1,19,1018,22,2,0,1,0,0,0,0,0,0,0,0,0,0,0,17,0,0,2,0,3,0,0,0,0,851,41,49,75,2,9,9,3,1,0
Kapit,27/11/2020,0,0,1062,17,10684,9621,1,19,1018,22,2,0,1,0,0,0,0,0,0,0,0,0,0,0,17,0,0,2,0,3,0,0,0,0,851,41,49,75,2,9,9,3,1,0
Mukah,27/11/2020,4,0,1062,17,10684,9621,1,19,1018,22,2,0,1,0,0,0,0,0,0,0,0,0,0,0,17,0,0,2,0,3,0,0,0,0,851,41,49,75,2,9,9,3,1,0
Bintulu,27/11/2020,49,0,1062,17,10684,9621,1,19,1018,22,2,0,1,0,0,0,0,0,0,0,0,0,0,0,17,0,0,2,0,3,0,0,0,0,851,41,49,75,2,9,9,3,1,0
Miri,27/11/2020,58,0,1062,17,10684,9621,1,19,1018,22,2,0,1,0,0,0,0,0,0,0,0,0,0,0,17,0,0,2,0,3,0,0,0,0,851,41,49,75,2,9,9,3,1,0
Limbang,27/11/2020,21,0,1062,17,10684,9621,1,19,1018,22,2,0,1,0,0,0,0,0,0,0,0,0,0,0,17,0,0,2,0,3,0,0,0,0,851,41,49,75,2,9,9,3,1,0
Kuching,28/11/2020,726,0,1062,24,10708,9644,2,19,1020,20,2,0,1,0,0,0,0,0,0,0,0,0,0,0,17,0,0,2,0,2,0,0,0,0,853,41,49,75,2,9,9,3,1,0
Samarahan,28/11/2020,128,0,1062,24,10708,9644,2,19,1020,20,2,0,1,0,0,0,0,0,0,0,0,0,0,0,17,0,0,2,0,2,0,0,0,0,853,41,49,75,2,9,9,3,1,0
Serian,28/11/2020,28,0,1062,24,10708,9644,2,19,1020,20,2,0,1,0,0,0,0,0,0,0,0,0,0,0,17,0,0,2,0,2,0,0,0,0,853,41,49,75,2,9,9,3,1,0
Sri Aman,28/11/2020,7,0,1062,24,10708,9644,2,19,1020,20,2,0,1,0,0,0,0,0,0,0,0,0,0,0,17,0,0,2,0,2,0,0,0,0,853,41,49,75,2,9,9,3,1,0
Betong,28/11/2020,16,0,1062,24,10708,9644,2,19,1020,20,2,0,1,0,0,0,0,0,0,0,0,0,0,0,17,0,0,2,0,2,0,0,0,0,853,41,49,75,2,9,9,3,1,0
Sarikei,28/11/2020,6,0,1062,24,10708,9644,2,19,1020,20,2,0,1,0,0,0,0,0,0,0,0,0,0,0,17,0,0,2,0,2,0,0,0,0,853,41,49,75,2,9,9,3,1,0
Sibu,28/11/2020,19,0,1062,24,10708,9644,2,19,1020,20,2,0,1,0,0,0,0,0,0,0,0,0,0,0,17,0,0,2,0,2,0,0,0,0,853,41,49,75,2,9,9,3,1,0
Kapit,28/11/2020,0,0,1062,24,10708,9644,2,19,1020,20,2,0,1,0,0,0,0,0,0,0,0,0,0,0,17,0,0,2,0,2,0,0,0,0,853,41,49,75,2,9,9,3,1,0
Mukah,28/11/2020,4,0,1062,24,10708,9644,2,19,1020,20,2,0,1,0,0,0,0,0,0,0,0,0,0,0,17,0,0,2,0,2,0,0,0,0,853,41,49,75,2,9,9,3,1,0
Bintulu,28/11/2020,49,0,1062,24,10708,9644,2,19,1020,20,2,0,1,0,0,0,0,0,0,0,0,0,0,0,17,0,0,2,0,2,0,0,0,0,853,41,49,75,2,9,9,3,1,0
Miri,28/11/2020,58,0,1062,24,10708,9644,2,19,1020,20,2,0,1,0,0,0,0,0,0,0,0,0,0,0,17,0,0,2,0,2,0,0,0,0,853,41,49,75,2,9,9,3,1,0
Limbang,28/11/2020,21,0,1062,24,10708,9644,2,19,1020,20,2,0,1,0,0,0,0,0,0,0,0,0,0,0,17,0,0,2,0,2,0,0,0,0,853,41,49,75,2,9,9,3,1,0
Kuching,29/11/2020,726,0,1062,9,10717,9655,0,19,1020,20,2,0,1,0,0,0,0,0,0,0,0,0,0,0,17,0,0,2,0,0,0,0,0,0,853,41,49,75,2,9,9,3,1,0
Samarahan,29/11/2020,128,0,1062,9,10717,9655,0,19,1020,20,2,0,1,0,0,0,0,0,0,0,0,0,0,0,17,0,0,2,0,0,0,0,0,0,853,41,49,75,2,9,9,3,1,0
Serian,29/11/2020,28,0,1062,9,10717,9655,0,19,1020,20,2,0,1,0,0,0,0,0,0,0,0,0,0,0,17,0,0,2,0,0,0,0,0,0,853,41,49,75,2,9,9,3,1,0
Sri Aman,29/11/2020,7,0,1062,9,10717,9655,0,19,1020,20,2,0,1,0,0,0,0,0,0,0,0,0,0,0,17,0,0,2,0,0,0,0,0,0,853,41,49,75,2,9,9,3,1,0
Betong,29/11/2020,16,0,1062,9,10717,9655,0,19,1020,20,2,0,1,0,0,0,0,0,0,0,0,0,0,0,17,0,0,2,0,0,0,0,0,0,853,41,49,75,2,9,9,3,1,0
Sarikei,29/11/2020,6,0,1062,9,10717,9655,0,19,1020,20,2,0,1,0,0,0,0,0,0,0,0,0,0,0,17,0,0,2,0,0,0,0,0,0,853,41,49,75,2,9,9,3,1,0
Sibu,29/11/2020,19,0,1062,9,10717,9655,0,19,1020,20,2,0,1,0,0,0,0,0,0,0,0,0,0,0,17,0,0,2,0,0,0,0,0,0,853,41,49,75,2,9,9,3,1,0
Kapit,29/11/2020,0,0,1062,9,10717,9655,0,19,1020,20,2,0,1,0,0,0,0,0,0,0,0,0,0,0,17,0,0,2,0,0,0,0,0,0,853,41,49,75,2,9,9,3,1,0
Mukah,29/11/2020,4,0,1062,9,10717,9655,0,19,1020,20,2,0,1,0,0,0,0,0,0,0,0,0,0,0,17,0,0,2,0,0,0,0,0,0,853,41,49,75,2,9,9,3,1,0
Bintulu,29/11/2020,49,0,1062,9,10717,9655,0,19,1020,20,2,0,1,0,0,0,0,0,0,0,0,0,0,0,17,0,0,2,0,0,0,0,0,0,853,41,49,75,2,9,9,3,1,0
Miri,29/11/2020,58,0,1062,9,10717,9655,0,19,1020,20,2,0,1,0,0,0,0,0,0,0,0,0,0,0,17,0,0,2,0,0,0,0,0,0,853,41,49,75,2,9,9,3,1,0
Limbang,29/11/2020,21,0,1062,9,10717,9655,0,19,1020,20,2,0,1,0,0,0,0,0,0,0,0,0,0,0,17,0,0,2,0,0,0,0,0,0,853,41,49,75,2,9,9,3,1,0
Kuching,30/11/2020,726,2,1064,3,10720,9656,0,19,1022,18,2,0,3,0,0,0,0,0,0,0,0,0,0,0,17,0,0,2,0,2,0,0,0,0,855,41,49,75,2,9,9,3,1,0
Samarahan,30/11/2020,128,2,1064,3,10720,9656,0,19,1022,18,2,0,3,0,0,0,0,0,0,0,0,0,0,0,17,0,0,2,0,2,0,0,0,0,855,41,49,75,2,9,9,3,1,0
Serian,30/11/2020,28,2,1064,3,10720,9656,0,19,1022,18,2,0,3,0,0,0,0,0,0,0,0,0,0,0,17,0,0,2,0,2,0,0,0,0,855,41,49,75,2,9,9,3,1,0
Sri Aman,30/11/2020,7,2,1064,3,10720,9656,0,19,1022,18,2,0,3,0,0,0,0,0,0,0,0,0,0,0,17,0,0,2,0,2,0,0,0,0,855,41,49,75,2,9,9,3,1,0
Betong,30/11/2020,16,2,1064,3,10720,9656,0,19,1022,18,2,0,3,0,0,0,0,0,0,0,0,0,0,0,17,0,0,2,0,2,0,0,0,0,855,41,49,75,2,9,9,3,1,0
Sarikei,30/11/2020,6,2,1064,3,10720,9656,0,19,1022,18,2,0,3,0,0,0,0,0,0,0,0,0,0,0,17,0,0,2,0,2,0,0,0,0,855,41,49,75,2,9,9,3,1,0
Sibu,30/11/2020,19,2,1064,3,10720,9656,0,19,1022,18,2,0,3,0,0,0,0,0,0,0,0,0,0,0,17,0,0,2,0,2,0,0,0,0,855,41,49,75,2,9,9,3,1,0
Kapit,30/11/2020,0,2,1064,3,10720,9656,0,19,1022,18,2,0,3,0,0,0,0,0,0,0,0,0,0,0,17,0,0,2,0,2,0,0,0,0,855,41,49,75,2,9,9,3,1,0
Mukah,30/11/2020,4,2,1064,3,10720,9656,0,19,1022,18,2,0,3,0,0,0,0,0,0,0,0,0,0,0,17,0,0,2,0,2,0,0,0,0,855,41,49,75,2,9,9,3,1,0
Bintulu,30/11/2020,49,2,1064,3,10720,9656,0,19,1022,18,2,0,3,0,0,0,0,0,0,0,0,0,0,0,17,0,0,2,0,2,0,0,0,0,855,41,49,75,2,9,9,3,1,0
Miri,30/11/2020,58,2,1064,3,10720,9656,0,19,1022,18,2,0,3,0,0,0,0,0,0,0,0,0,0,0,17,0,0,2,0,2,0,0,0,0,855,41,49,75,2,9,9,3,1,0
Limbang,30/11/2020,23,2,1064,3,10720,9656,0,19,1022,18,2,0,3,0,0,0,0,0,0,0,0,0,0,0,17,0,0,2,0,2,0,0,0,0,855,41,49,75,2,9,9,3,1,0
